{"cameraMode":{"drawMode":0,"name":"Shaded","section":"Shading Mode"},"sceneLighting":true,"audioPlay":false,"sceneViewState":{"m_AlwaysRefresh":false,"showFog":true,"showSkybox":true,"showFlares":true,"showImageEffects":true,"showParticleSystems":true,"showVisualEffectGraphs":true,"m_FxEnabled":true},"in2DMode":false,"pivot":{"x":449.2901916503906,"y":209.37127685546876,"z":108.98639678955078},"rotation":{"x":-0.09800656884908676,"y":0.8843016028404236,"z":-0.21528807282447816,"w":-0.4025651812553406},"size":22.710601806640626,"orthographic":false}