{"cameraMode":{"drawMode":0,"name":"Shaded","section":"Shading Mode"},"sceneLighting":true,"audioPlay":false,"sceneViewState":{"m_AlwaysRefresh":false,"showFog":true,"showSkybox":true,"showFlares":true,"showImageEffects":true,"showParticleSystems":true,"showVisualEffectGraphs":true,"m_FxEnabled":true},"in2DMode":false,"pivot":{"x":132.94290161132813,"y":-39.66366958618164,"z":21.535781860351564},"rotation":{"x":0.11023148149251938,"y":0.6445683240890503,"z":-0.09466429054737091,"w":0.7506765723228455},"size":74.96534729003906,"orthographic":false}